{"-300,0": [2.5194798999999994, 0, 0], "-300,457": [2.5194798999999994, 0, 0], "-300,442": [1.9564299999999997, 1.9325508999999996, 0], "-300,427": [2.5194798999999994, 0, 0], "-300,412": [2.5194798999999994, 0, 0], "-300,397": [2.5194798999999994, 0, 0], "-300,382": [2.5194798999999994, 0, 0], "-300,367": [2.5194798999999994, 0, 0], "-300,352": [2.5194798999999994, 0, 0], "-300,337": [2.5194798999999994, 0, 0], "-300,322": [2.5194798999999994, 0, 0], "-300,307": [2.5194798999999994, 0, 0], "-300,292": [2.5194798999999994, 0, 0], "-300,277": [2.5194798999999994, 0, 0], "-300,262": [2.5194798999999994, 0, 0], "-300,247": [2.5194798999999994, 0, 0], "-300,232": [2.5194798999999994, 0, 0], "-300,217": [2.5194798999999994, 0, 0], "-300,202": [2.5194798999999994, 0, 0], "-300,187": [2.5194798999999994, 0, 0], "-300,172": [2.5194798999999994, 0, 0], "-300,157": [2.5194798999999994, 0, 0], "-300,142": [2.5194798999999994, 0, 0], "-300,127": [2.5194798999999994, 0, 0], "-300,112": [2.5194798999999994, 0, 0], "-300,97": [2.5194798999999994, 0, 0], "-300,82": [2.5194798999999994, 0, 0], "-300,67": [2.5194798999999994, 0, 0], "-300,52": [2.5194798999999994, 0, 0], "-300,37": [2.3444469999999997, 0, 0], "-300,22": [1.81657, 0, 0], "-300,7": [-43.1081, 0, 0], "-300,-8": [-91.0, -70.0, -70.0], "0,0": [0.7, 0, 0], "-150,0": [1.9564299999999997, 0, 0], "-150,457": [2.5194798999999994, 0, 0], "-150,442": [2.5194798999999994, 0, 0], "-150,427": [2.5194798999999994, 0, 0], "-150,412": [2.5194798999999994, 0, 0], "-150,397": [2.5194798999999994, 0, 0], "-150,382": [2.5194798999999994, 0, 0], "-150,367": [2.5194798999999994, 0, 0], "-150,352": [2.5194798999999994, 0, 0], "-150,337": [2.5194798999999994, 0, 0], "-150,322": [2.5194798999999994, 0, 0], "-150,307": [2.5194798999999994, 0, 0], "-150,292": [2.5194798999999994, 0, 0], "-150,277": [2.5194798999999994, 0, 0], "-150,262": [2.5194798999999994, 0, 0], "-150,247": [2.5194798999999994, 0, 0], "-150,232": [2.5194798999999994, 0, 0], "-150,217": [2.5194798999999994, 0, 0], "-150,202": [2.5194798999999994, 0, 0], "-150,187": [2.5194798999999994, 0, 0], "-150,172": [2.5194798999999994, 0, 0], "-150,157": [2.5194798999999994, 0, 0], "-150,142": [2.5194798999999994, 0, 0], "-150,127": [2.5194798999999994, 0, 0], "-150,112": [2.5194798999999994, 0, 0], "-150,97": [2.5194798999999994, 0, 0], "-150,82": [2.5194798999999994, 0, 0], "-150,67": [2.5194798999999994, 0, 0], "-150,52": [2.5194798999999994, 0, 0], "-150,37": [2.3444469999999997, 0, 0], "-150,22": [1.81657, 0, 0], "-150,7": [-43.1081, 0, 0], "-150,-8": [-70.0, -70.0, -70.0], "0,457": [1.9564299999999997, 0, 0], "0,442": [1.9564299999999997, 0, 0], "0,427": [1.9564299999999997, 0, 0], "0,412": [1.9564299999999997, 0, 0], "0,397": [1.9564299999999997, 0, 0], "0,382": [1.9564299999999997, 0, 0], "0,367": [1.9564299999999997, 0, 0], "0,352": [1.9564299999999997, 0, 0], "0,337": [1.9564299999999997, 0, 0], "0,322": [1.9564299999999997, 0, 0], "0,307": [1.9564299999999997, 0, 0], "0,292": [1.9564299999999997, 0, 0], "0,277": [1.9564299999999997, 0, 0], "0,262": [1.9564299999999997, 0, 0], "0,247": [1.9564299999999997, 0, 0], "0,232": [1.9564299999999997, 0, 0], "0,217": [1.9564299999999997, 0, 0], "0,202": [1.9564299999999997, 0, 0], "0,187": [1.9564299999999997, 0, 0], "0,172": [1.9564299999999997, 0, 0], "0,157": [1.9564299999999997, 0, 0], "0,142": [1.9564299999999997, 0, 0], "0,127": [1.9564299999999997, 0, 0], "0,112": [1.9564299999999997, 0, 0], "0,97": [1.9564299999999997, 0, 0], "0,82": [1.9564299999999997, 0, 0], "0,67": [1.9564299999999997, 0, 0], "0,52": [1.9564299999999997, 0, 0], "0,37": [1.9564299999999997, 0, 0], "0,22": [1.9564299999999997, 0, 0], "0,7": [1.9564299999999997, 0, 0], "0,-8": [1.9564299999999997, 0, 0], "0,-23": [1.9564299999999997, 0, 0], "0,-38": [1.9564299999999997, 0, 0], "0,-53": [1.9564299999999997, 0, 0], "0,-68": [1.9564299999999997, 0, 0], "0,-83": [1.9564299999999997, 0, 0], "0,-98": [1.9564299999999997, 0, 0], "0,-113": [1.9564299999999997, 0, 0], "0,-128": [1.9564299999999997, 0, 0], "0,-143": [1.9564299999999997, 0, 0], "0,-158": [1.9564299999999997, 0, 0], "0,-173": [1.9564299999999997, 0, 0], "0,-188": [1.9564299999999997, 0, 0], "0,-203": [1.9564299999999997, 0, 0], "0,-218": [1.9564299999999997, 0, 0], "0,-233": [1.9564299999999997, 0, 0], "0,-248": [1.9564299999999997, 0, 0], "0,-263": [2.1314629, 0, 0], "0,-278": [1.1886489999999998, 0, 0], "0,-293": [1.8934299999999997, 0, 0], "-150,-293": [1.9325508999999996, 0, 0]}